Brand,Counter
Supreme,0
Bape,0
Nike,0
Yeezy,0
Stussy,0
Adidas,0
New Balance,0
Off White,0
KITH,0
Carhartt,0
Palace,0
Noah NYC,0
Levis,0
Anti Social Social Club,0
Fear of God Essentials,0
KAWS,0
Uniqlo,0
Reebok,0
Golf Wang,0
Brain Dead,0
Cactus Street Flea Market,0
Neighborhood,0
Jordan,0
Polar Skate,0
North Face,0
Undercover,0
CDG Play,0
Needles,0
Vetements,0
Undefeated,0
Aime Leon Dore,0
Awake,0
Takashi Murakami,0
Mastermind,0
Girls Don't Cry,0
FTP,0
Dover Street Market,0
Vlone,0
Union,0
Kapital,0
Visvim,0
Vuja De,0